Path;SteerAngle;Throttle;Brake;Speed;X_Position;Y_Position;Pitch;Yaw;Roll
G:\RoboND\IMG\robocam_2018_07_23_18_58_48_458.jpg;0;0;1;0;99.66999;85.58897;0.0002361169;56.82556;6.676621E-08
G:\RoboND\IMG\robocam_2018_07_23_18_58_48_489.jpg;0;0;0;0;99.66999;85.58897;0.0002361322;56.82556;1.562655E-08
G:\RoboND\IMG\robocam_2018_07_23_18_58_48_543.jpg;0;0;0;0;99.66999;85.58897;0.0002361322;56.82556;1.562655E-08
G:\RoboND\IMG\robocam_2018_07_23_18_58_48_610.jpg;-3.956451;0;0;0;99.66999;85.58897;0.0002354021;56.23233;1.742402E-06
G:\RoboND\IMG\robocam_2018_07_23_18_58_48_678.jpg;-3.931752;0;0;0;99.66999;85.58897;0.0002352818;55.04593;6.444885E-06
G:\RoboND\IMG\robocam_2018_07_23_18_58_48_750.jpg;0.3780026;0;0;0;99.66999;85.58897;0.0002351154;54.97886;7.818212E-06
G:\RoboND\IMG\robocam_2018_07_23_18_58_48_815.jpg;4.485518;0;0;0;99.66999;85.58897;0.0002350025;55.53912;5.170074E-06
G:\RoboND\IMG\robocam_2018_07_23_18_58_48_877.jpg;8.140673;0;0;0;99.66999;85.58897;0.0002357037;57.28239;-2.552501E-06
G:\RoboND\IMG\robocam_2018_07_23_18_58_48_946.jpg;4.156914;0;0;0;99.66999;85.58897;0.0002358766;58.15197;-6.392886E-06
G:\RoboND\IMG\robocam_2018_07_23_18_58_49_010.jpg;0.1093932;0;0;0;99.66999;85.58897;0.00023523;58.40422;-7.368182E-06
G:\RoboND\IMG\robocam_2018_07_23_18_58_49_078.jpg;-3.831485;0;0;0;99.66999;85.58897;0.0002360022;57.72287;-4.313149E-06
G:\RoboND\IMG\robocam_2018_07_23_18_58_49_145.jpg;-7.876968;0;0;0;99.66999;85.58897;0.0002368548;56.42409;1.395798E-06
G:\RoboND\IMG\robocam_2018_07_23_18_58_49_211.jpg;-12.08508;0;0;0;99.66999;85.58897;0.000236956;54.51229;9.263207E-06
G:\RoboND\IMG\robocam_2018_07_23_18_58_49_280.jpg;-15;0;0;0;99.66999;85.58897;0.0002367619;51.04285;2.148185E-05
G:\RoboND\IMG\robocam_2018_07_23_18_58_49_345.jpg;-15;0;0;0;99.66999;85.58897;0.0002348555;48.34289;2.871561E-05
G:\RoboND\IMG\robocam_2018_07_23_18_58_49_416.jpg;-15;0;0;0;99.66999;85.58897;0.0002350541;45.64293;3.646801E-05
G:\RoboND\IMG\robocam_2018_07_23_18_58_49_480.jpg;-15;0;0;0;99.66999;85.58897;0.0002344887;42.04298;4.291633E-05
G:\RoboND\IMG\robocam_2018_07_23_18_58_49_546.jpg;-10.95712;0;0;0;99.66999;85.58897;0.000233615;39.95101;4.375022E-05
G:\RoboND\IMG\robocam_2018_07_23_18_58_49_620.jpg;-6.998421;0;0;0;99.66999;85.58897;0.0002340982;38.45145;4.181218E-05
G:\RoboND\IMG\robocam_2018_07_23_18_58_49_683.jpg;-2.954622;0.20219;0;0;99.67069;85.58945;0.01882547;38.53724;-0.001379336
G:\RoboND\IMG\robocam_2018_07_23_18_58_49_748.jpg;1.167092;0.4082756;0;0.02231821;99.67185;85.59037;0.04941574;38.58158;-0.001210255
G:\RoboND\IMG\robocam_2018_07_23_18_58_49_812.jpg;1.20151;0.6015862;0;0.05584485;99.67561;85.5935;0.1515987;38.65337;0.0009947163
G:\RoboND\IMG\robocam_2018_07_23_18_58_49_879.jpg;0;0.800447;0;0.07562456;99.68372;85.59998;0.3532654;38.77511;0.0003369135
G:\RoboND\IMG\robocam_2018_07_23_18_58_49_946.jpg;0;1;0;0.1124771;99.69269;85.60714;0.5506337;38.77383;-0.0008463821
G:\RoboND\IMG\robocam_2018_07_23_18_58_50_012.jpg;0;1;0;0.1734903;99.7037;85.6159;0.7586318;38.67089;-0.0002520187
G:\RoboND\IMG\robocam_2018_07_23_18_58_50_080.jpg;0;1;0;0.24055;99.72388;85.63208;1.109981;38.82229;-0.0003580918
G:\RoboND\IMG\robocam_2018_07_23_18_58_50_146.jpg;0;1;0;0.2824298;99.74073;85.64548;1.311583;38.71156;-0.0005801846
G:\RoboND\IMG\robocam_2018_07_23_18_58_50_214.jpg;0;1;0;0.3626125;99.75689;85.65793;1.254339;38.72986;-0.002385909
G:\RoboND\IMG\robocam_2018_07_23_18_58_50_277.jpg;0;1;0;0.4226505;99.78108;85.67705;1.086138;38.7708;-0.0005697295
G:\RoboND\IMG\robocam_2018_07_23_18_58_50_345.jpg;0;1;0;0.4682533;99.80331;85.69473;1.052634;38.709;-0.0001504496
G:\RoboND\IMG\robocam_2018_07_23_18_58_50_414.jpg;4.400279;1;0;0.5318377;99.82766;85.71486;1.062705;38.83303;0.003028936
G:\RoboND\IMG\robocam_2018_07_23_18_58_50_479.jpg;8.375362;1;0;0.572778;99.86376;85.74693;1.154143;39.37622;0.01617573
G:\RoboND\IMG\robocam_2018_07_23_18_58_50_545.jpg;12.1405;1;0;0.627214;99.89222;85.77425;1.22145;39.80052;0.02491494
G:\RoboND\IMG\robocam_2018_07_23_18_58_50_611.jpg;12.13093;1;0;0.6772925;99.92165;85.80283;1.226987;40.3896;359.9942
G:\RoboND\IMG\robocam_2018_07_23_18_58_50_678.jpg;12.20199;1;0;0.730384;99.96252;85.8442;1.185255;41.29908;359.994
G:\RoboND\IMG\robocam_2018_07_23_18_58_50_748.jpg;15;1;0;0.7846289;99.99544;85.8796;1.19462;42.1292;0.001634958
G:\RoboND\IMG\robocam_2018_07_23_18_58_50_816.jpg;15;1;0;0.8447902;100.0294;85.91753;1.195776;43.14276;0.002790099
G:\RoboND\IMG\robocam_2018_07_23_18_58_50_879.jpg;15;1;0;0.8986415;100.0765;85.97242;1.198762;44.55353;6.72227E-05
G:\RoboND\IMG\robocam_2018_07_23_18_58_50_946.jpg;13.02816;1;0;0.9440432;100.1135;86.0168;1.204394;45.53233;359.993
G:\RoboND\IMG\robocam_2018_07_23_18_58_51_010.jpg;9.020605;1;0;1.008179;100.1526;86.06352;1.217104;46.25368;359.994
G:\RoboND\IMG\robocam_2018_07_23_18_58_51_077.jpg;5.059934;1;0;1.054896;100.2085;86.12807;1.220664;46.8978;-0.003689486
G:\RoboND\IMG\robocam_2018_07_23_18_58_51_144.jpg;1.057995;1;0;1.106057;100.2536;86.17813;1.220587;47.04473;-0.001947072
G:\RoboND\IMG\robocam_2018_07_23_18_58_51_211.jpg;0;1;0;1.173909;100.3016;86.22977;1.22886;47.07441;-0.001427197
G:\RoboND\IMG\robocam_2018_07_23_18_58_51_280.jpg;0;1;0;1.215857;100.3686;86.30132;1.228311;47.06614;-0.0005689041
G:\RoboND\IMG\robocam_2018_07_23_18_58_51_347.jpg;0;1;0;1.265152;100.4213;86.35748;1.233422;47.03861;-0.0008158096
G:\RoboND\IMG\robocam_2018_07_23_18_58_51_413.jpg;0;1;0;1.32967;100.4759;86.41569;1.238454;47.01569;-0.0008091662
G:\RoboND\IMG\robocam_2018_07_23_18_58_51_480.jpg;0;1;0;1.376678;100.5517;86.49644;1.242265;46.99214;-0.0009100698
G:\RoboND\IMG\robocam_2018_07_23_18_58_51_547.jpg;0;1;0;1.423756;100.6109;86.55939;1.244752;46.97595;-0.0009342488
G:\RoboND\IMG\robocam_2018_07_23_18_58_51_612.jpg;0;1;0;1.485397;100.6721;86.62444;1.249935;46.95921;-0.0009081509
G:\RoboND\IMG\robocam_2018_07_23_18_58_51_682.jpg;0;1;0;1.532976;100.7566;86.71426;1.254393;46.94598;-0.0009805805
G:\RoboND\IMG\robocam_2018_07_23_18_58_51_746.jpg;0;1;0;1.579567;100.8223;86.784;1.258612;46.93272;-0.0009662512
G:\RoboND\IMG\robocam_2018_07_23_18_58_51_813.jpg;0;1;0;1.640361;100.8899;86.85575;1.263629;46.92353;-0.001009886
G:\RoboND\IMG\robocam_2018_07_23_18_58_51_880.jpg;0;1;0;1.68665;100.983;86.95455;1.270409;46.90665;-0.001010209
G:\RoboND\IMG\robocam_2018_07_23_18_58_51_948.jpg;0;1;0;1.732513;101.0551;87.03093;1.274143;46.89742;-0.001047199
G:\RoboND\IMG\robocam_2018_07_23_18_58_52_013.jpg;0;1;0;1.793626;101.129;87.10931;1.277417;46.88546;-0.001042663
G:\RoboND\IMG\robocam_2018_07_23_18_58_52_081.jpg;0;1;0;1.839142;101.2306;87.21693;1.28535;46.87033;-0.00108147
G:\RoboND\IMG\robocam_2018_07_23_18_58_52_146.jpg;0;1;0;1.88452;101.3089;87.29987;1.286779;46.86093;-0.001097536
G:\RoboND\IMG\robocam_2018_07_23_18_58_52_211.jpg;0;1;0;1.945525;101.3892;87.38483;1.292901;46.84803;-0.001110508
G:\RoboND\IMG\robocam_2018_07_23_18_58_52_276.jpg;0;1;0;1.990557;101.4713;87.47172;1.297343;46.83708;-0.001125375
G:\RoboND\IMG\robocam_2018_07_23_18_58_52_342.jpg;0;1;0;2.035441;101.5837;87.59057;1.302862;46.82212;-0.001160498
G:\RoboND\IMG\robocam_2018_07_23_18_58_52_409.jpg;0;1;0;2.07936;101.6702;87.68195;1.305261;46.81127;-0.00117024
G:\RoboND\IMG\robocam_2018_07_23_18_58_52_478.jpg;0;1;0;2.138708;101.7883;87.80678;1.3086;46.7965;-0.001183692
G:\RoboND\IMG\robocam_2018_07_23_18_58_52_545.jpg;0;1;0;2.183645;101.8791;87.90263;1.311929;46.78661;-0.001222124
G:\RoboND\IMG\robocam_2018_07_23_18_58_52_611.jpg;0;1;0;2.242542;101.9717;88.0004;1.314697;46.77395;-0.001213532
G:\RoboND\IMG\robocam_2018_07_23_18_58_52_678.jpg;0;1;0;2.286329;102.098;88.1337;1.318228;46.75951;-0.001230827
G:\RoboND\IMG\robocam_2018_07_23_18_58_52_745.jpg;0;1;0;2.330266;102.1949;88.23589;1.321562;46.74739;-0.001255168
G:\RoboND\IMG\robocam_2018_07_23_18_58_52_813.jpg;0;1;0;2.388232;102.2936;88.33999;1.328344;46.73616;-0.001283994
G:\RoboND\IMG\robocam_2018_07_23_18_58_52_878.jpg;0;1;0;2.431858;102.428;88.48158;1.327545;46.72072;-0.001277802
G:\RoboND\IMG\robocam_2018_07_23_18_58_52_943.jpg;0;1;0;2.47502;102.531;88.58999;1.331051;46.70899;-0.001295684
G:\RoboND\IMG\robocam_2018_07_23_18_58_53_013.jpg;0;1;0;2.532355;102.6357;88.70029;1.336598;46.69753;-0.001317678
G:\RoboND\IMG\robocam_2018_07_23_18_58_53_080.jpg;0;1;0;2.575219;102.7782;88.85021;1.344738;46.68257;-0.001358194
G:\RoboND\IMG\robocam_2018_07_23_18_58_53_146.jpg;0;1;0;2.617481;102.887;88.96466;1.339944;46.67084;-0.00133524
G:\RoboND\IMG\robocam_2018_07_23_18_58_53_217.jpg;0;1;0;2.675461;103.0351;89.12029;1.347093;46.6534;-0.001353659
G:\RoboND\IMG\robocam_2018_07_23_18_58_53_277.jpg;0;1;0;2.717072;103.1482;89.23913;1.353406;46.64076;-0.001401327
G:\RoboND\IMG\robocam_2018_07_23_18_58_53_342.jpg;0;1;0;2.759353;103.2631;89.35975;1.357437;46.62912;-0.001429511
G:\RoboND\IMG\robocam_2018_07_23_18_58_53_413.jpg;0;1;0;2.815531;103.3797;89.48215;1.358817;46.61771;-0.001438693
G:\RoboND\IMG\robocam_2018_07_23_18_58_53_480.jpg;0;1;0;2.857488;103.5379;89.64809;1.357246;46.60216;-0.001423747
G:\RoboND\IMG\robocam_2018_07_23_18_58_53_546.jpg;0;1;0;2.899274;103.6586;89.77472;1.361761;46.58962;-0.001317425
G:\RoboND\IMG\robocam_2018_07_23_18_58_53_613.jpg;0;1;0;2.954483;103.7811;89.9031;1.365957;46.57568;-0.001451614
G:\RoboND\IMG\robocam_2018_07_23_18_58_53_680.jpg;0;1;0;2.995968;103.9471;90.07697;1.366328;46.55881;-0.00146213
G:\RoboND\IMG\robocam_2018_07_23_18_58_53_747.jpg;0;1;0;3.037753;104.0737;90.2095;1.373424;46.54489;-0.001471848
G:\RoboND\IMG\robocam_2018_07_23_18_58_53_813.jpg;0;1;0;3.091932;104.2019;90.34372;1.374991;46.53129;-0.001502914
G:\RoboND\IMG\robocam_2018_07_23_18_58_53_890.jpg;-2.33166;1;0;3.13296;104.3761;90.52497;1.37713;46.39965;-0.0008929849
G:\RoboND\IMG\robocam_2018_07_23_18_58_53_953.jpg;-6.344313;1;0;3.185464;104.5104;90.66106;1.376121;45.8661;0.0009258109
G:\RoboND\IMG\robocam_2018_07_23_18_58_53_994.jpg;-8.442112;1;0;3.199173;104.6024;90.75098;1.365042;45.21034;-0.002698957
G:\RoboND\IMG\robocam_2018_07_23_18_58_54_048.jpg;-12.35971;1;0;3.248106;104.7448;90.883;1.323169;43.75995;359.9213
G:\RoboND\IMG\robocam_2018_07_23_18_58_54_114.jpg;-15;1;0;3.28206;104.8921;91.01039;1.191249;41.7756;359.8039
G:\RoboND\IMG\robocam_2018_07_23_18_58_54_183.jpg;-13.10212;1;0;3.318027;105.0963;91.17248;0.8993353;38.8727;359.5677
G:\RoboND\IMG\robocam_2018_07_23_18_58_54_244.jpg;-15;1;0;3.35408;105.2556;91.28805;0.6203082;36.65631;359.325
G:\RoboND\IMG\robocam_2018_07_23_18_58_54_311.jpg;-15;1;0;3.398858;105.4199;91.39791;0.2866344;34.38708;359.0408
G:\RoboND\IMG\robocam_2018_07_23_18_58_54_376.jpg;-15;1;0;3.431026;105.6468;91.53727;359.8473;31.50407;358.6916
G:\RoboND\IMG\robocam_2018_07_23_18_58_54_447.jpg;-15;1;0;3.452792;105.8236;91.64067;359.7515;29.59185;358.6281
G:\RoboND\IMG\robocam_2018_07_23_18_58_54_521.jpg;-15;1;0;3.462855;106.0712;91.77371;-0.0008778394;26.997;358.7993
G:\RoboND\IMG\robocam_2018_07_23_18_58_54_580.jpg;-15;1;0;3.520091;106.2646;91.86279;0.1169692;24.59369;358.8865
G:\RoboND\IMG\robocam_2018_07_23_18_58_54_649.jpg;-10.89836;1;0;3.546215;106.4611;91.94458;0.103343;22.3646;358.9524
G:\RoboND\IMG\robocam_2018_07_23_18_58_54_713.jpg;-6.792342;1;0;3.606494;106.6624;92.02069;0.067596;20.71138;358.9443
G:\RoboND\IMG\robocam_2018_07_23_18_58_54_785.jpg;-2.707843;1;0;3.645229;106.9362;92.11923;0.02778463;19.43792;358.9439
G:\RoboND\IMG\robocam_2018_07_23_18_58_54_852.jpg;1.278618;1;0;3.695902;107.1452;92.19327;0.02994552;19.0942;358.989
G:\RoboND\IMG\robocam_2018_07_23_18_58_54_914.jpg;5.739625;1;0;3.733;107.3567;92.27003;0.08619123;19.35439;359.098
G:\RoboND\IMG\robocam_2018_07_23_18_58_54_987.jpg;9.05001;1;0;3.767573;107.641;92.38053;0.2463794;20.6298;359.4039
G:\RoboND\IMG\robocam_2018_07_23_18_58_55_050.jpg;13.44462;1;0;3.810562;107.8542;92.47191;0.4195015;22.23192;359.7912
G:\RoboND\IMG\robocam_2018_07_23_18_58_55_113.jpg;15;1;0;3.838287;108.0656;92.57258;0.6307841;24.37835;0.3395719
G:\RoboND\IMG\robocam_2018_07_23_18_58_55_179.jpg;13.08863;1;0;3.868037;108.3427;92.71378;0.7397706;27.37682;0.98991
G:\RoboND\IMG\robocam_2018_07_23_18_58_55_244.jpg;9.077044;1;0;3.893537;108.5469;92.82297;0.633913;29.30751;1.338877
G:\RoboND\IMG\robocam_2018_07_23_18_58_55_310.jpg;5.159727;1;0;3.919687;108.7486;92.93293;0.3575209;30.57672;1.448427
G:\RoboND\IMG\robocam_2018_07_23_18_58_55_377.jpg;1.171465;1;0;3.935596;109.0172;93.08148;359.8547;31.33229;1.15212
G:\RoboND\IMG\robocam_2018_07_23_18_58_55_448.jpg;0;1;0;3.990979;109.224;93.20298;359.7898;31.63436;0.8647162
G:\RoboND\IMG\robocam_2018_07_23_18_58_55_513.jpg;0;1;0;4.061499;109.433;93.33039;359.852;31.75772;0.6501248
G:\RoboND\IMG\robocam_2018_07_23_18_58_55_579.jpg;0;1;0;4.09723;109.7149;93.50475;0.03782693;31.80391;0.4188997
G:\RoboND\IMG\robocam_2018_07_23_18_58_55_646.jpg;0;1;0;4.132845;109.9292;93.63778;0.2424734;31.81216;0.2613062
G:\RoboND\IMG\robocam_2018_07_23_18_58_55_712.jpg;0;1;0;4.180327;110.1459;93.77244;0.4890458;31.81348;0.1148717
G:\RoboND\IMG\robocam_2018_07_23_18_58_55_780.jpg;0;1;0;4.21598;110.4376;93.95422;0.8311933;31.81957;359.9576
G:\RoboND\IMG\robocam_2018_07_23_18_58_55_846.jpg;0;1;0;4.252174;110.6579;94.0925;1.071773;31.84809;359.9044
G:\RoboND\IMG\robocam_2018_07_23_18_58_55_912.jpg;0;1;0;4.300607;110.8796;94.23213;1.295702;31.88768;359.8877
G:\RoboND\IMG\robocam_2018_07_23_18_58_55_980.jpg;0;1;0;4.3347;111.1755;94.42019;1.465426;31.93308;-0.004653628
G:\RoboND\IMG\robocam_2018_07_23_18_58_56_045.jpg;2.88085;1;0;4.375384;111.3994;94.56059;1.508035;32.0528;-0.003570757
G:\RoboND\IMG\robocam_2018_07_23_18_58_56_112.jpg;5.880704;1;0;4.426655;111.6234;94.70301;1.489234;32.48957;-0.00572638
G:\RoboND\IMG\robocam_2018_07_23_18_58_56_178.jpg;8.88431;1;0;4.461916;111.9206;94.89954;1.416902;33.69581;0.04539442
G:\RoboND\IMG\robocam_2018_07_23_18_58_56_246.jpg;8.773607;1;0;4.49576;112.1414;95.05279;1.313428;34.96166;0.1494682
G:\RoboND\IMG\robocam_2018_07_23_18_58_56_311.jpg;5.856687;1;0;4.54373;112.3608;95.20975;1.151547;36.14706;0.2561124
G:\RoboND\IMG\robocam_2018_07_23_18_58_56_377.jpg;2.876335;1;0;4.579273;112.6528;95.42503;0.9233615;37.20544;0.427159
G:\RoboND\IMG\robocam_2018_07_23_18_58_56_445.jpg;0;1;0;4.614926;112.8727;95.58965;0.7535062;37.56968;0.5325838
G:\RoboND\IMG\robocam_2018_07_23_18_58_56_511.jpg;0;1;0;4.661961;113.0938;95.75691;0.6158506;37.68237;0.6242755
G:\RoboND\IMG\robocam_2018_07_23_18_58_56_577.jpg;0;1;0;4.69636;113.3914;95.98349;0.4913838;37.70363;0.708217
G:\RoboND\IMG\robocam_2018_07_23_18_58_56_644.jpg;0;1;0;4.730567;113.6168;96.15566;0.4421313;37.68938;0.7336188
G:\RoboND\IMG\robocam_2018_07_23_18_58_56_710.jpg;0;1;0;4.77592;113.8443;96.32973;0.4353739;37.67072;0.7327325
G:\RoboND\IMG\robocam_2018_07_23_18_58_56_777.jpg;0;1;0;4.809711;114.1509;96.56454;0.4888448;37.64248;0.6933404
G:\RoboND\IMG\robocam_2018_07_23_18_58_56_844.jpg;0;1;0;4.843419;114.3833;96.74236;0.5639032;37.61707;0.6316984
G:\RoboND\IMG\robocam_2018_07_23_18_58_56_910.jpg;0;1;0;4.888392;114.6177;96.92172;0.6673958;37.59199;0.5513027
G:\RoboND\IMG\robocam_2018_07_23_18_58_56_978.jpg;0;1;0;4.921858;114.9333;97.16303;0.8421937;37.55322;0.4215337
G:\RoboND\IMG\robocam_2018_07_23_18_58_57_044.jpg;0;1;0;4.955241;115.1723;97.34548;0.9928148;37.51928;0.3105185
G:\RoboND\IMG\robocam_2018_07_23_18_58_57_110.jpg;0;1;0;4.999622;115.4133;97.5292;1.160004;37.48379;0.1934721
G:\RoboND\IMG\robocam_2018_07_23_18_58_57_179.jpg;0;1;0;5.015311;115.7359;97.7746;1.402273;37.43428;0.02696528
G:\RoboND\IMG\robocam_2018_07_23_18_58_57_244.jpg;0;1;0;5.000737;115.9763;97.95892;1.523962;37.43643;359.9916
G:\RoboND\IMG\robocam_2018_07_23_18_58_57_310.jpg;0;1;0;5.020931;116.2137;98.14082;1.422366;37.48066;-0.004589113
G:\RoboND\IMG\robocam_2018_07_23_18_58_57_378.jpg;0;1;0;5.013591;116.5318;98.38329;1.344449;37.442;-0.001552535
G:\RoboND\IMG\robocam_2018_07_23_18_58_57_445.jpg;0;1;0;5.00678;116.7707;98.5649;1.310423;37.43135;-0.001832304
G:\RoboND\IMG\robocam_2018_07_23_18_58_57_513.jpg;0;1;0;4.980071;117.0099;98.7465;1.297342;37.43582;-0.001580046
G:\RoboND\IMG\robocam_2018_07_23_18_58_57_577.jpg;0;1;0;5.00903;117.3297;98.98914;1.315817;37.39688;-0.001422495
G:\RoboND\IMG\robocam_2018_07_23_18_58_57_644.jpg;0;1;0;5.020829;117.5699;99.17123;1.345032;37.37183;-0.001464785
G:\RoboND\IMG\robocam_2018_07_23_18_58_57_711.jpg;0;1;0;5.008415;117.8104;99.35341;1.388781;37.3402;-0.001451361
G:\RoboND\IMG\robocam_2018_07_23_18_58_57_776.jpg;0;1;0;5.021913;118.0508;99.53529;1.433495;37.30644;-0.001365238
G:\RoboND\IMG\robocam_2018_07_23_18_58_57_844.jpg;-1.510309;1;0;5.014239;118.3723;99.77773;1.506826;37.20762;-0.001337258
G:\RoboND\IMG\robocam_2018_07_23_18_58_57_910.jpg;-4.500599;1;0;5.005788;118.6135;99.95724;1.476617;36.84806;0.0001190876
G:\RoboND\IMG\robocam_2018_07_23_18_58_57_977.jpg;-7.492169;1;0;5.007315;118.9362;100.1913;1.387624;35.8775;-0.0001766762
G:\RoboND\IMG\robocam_2018_07_23_18_58_58_044.jpg;-10.51558;1;0;5.014169;119.1826;100.3631;1.354504;34.77622;359.9479
G:\RoboND\IMG\robocam_2018_07_23_18_58_58_110.jpg;-13.52085;1;0;5.025482;119.4322;100.5284;1.291645;33.24696;359.7835
G:\RoboND\IMG\robocam_2018_07_23_18_58_58_176.jpg;-13.5006;1;0;5.009921;119.6826;100.6871;1.06417;31.30415;359.6452
G:\RoboND\IMG\robocam_2018_07_23_18_58_58_243.jpg;-10.50985;1;0;5.010946;120.0225;100.8858;0.6700262;28.88522;359.3251
G:\RoboND\IMG\robocam_2018_07_23_18_58_58_309.jpg;-7.507084;1;0;5.011528;120.2803;101.0271;0.3077668;27.424;359.0554
G:\RoboND\IMG\robocam_2018_07_23_18_58_58_375.jpg;-4.535976;1;0;5.010737;120.5404;101.163;359.9249;26.35494;358.7812
G:\RoboND\IMG\robocam_2018_07_23_18_58_58_443.jpg;-1.535926;1;0;5.003732;120.8936;101.3455;359.7675;25.75935;358.7436
G:\RoboND\IMG\robocam_2018_07_23_18_58_58_509.jpg;0;1;0;5.009974;121.1641;101.484;359.9392;25.69764;358.9583
G:\RoboND\IMG\robocam_2018_07_23_18_58_58_575.jpg;0;1;0;5.011577;121.437;101.6188;0.1537479;25.60446;359.1209
G:\RoboND\IMG\robocam_2018_07_23_18_58_58_642.jpg;-2.97717;1;0;5.011625;121.8031;101.7943;0.4480992;25.36777;359.2852
G:\RoboND\IMG\robocam_2018_07_23_18_58_58_709.jpg;-5.98897;1;0;5.011603;122.0789;101.9228;0.6556388;24.87817;359.3787
G:\RoboND\IMG\robocam_2018_07_23_18_58_58_775.jpg;-8.969873;1;0;5.018026;122.3557;102.0472;0.8225774;24.01073;359.4486
G:\RoboND\IMG\robocam_2018_07_23_18_58_58_842.jpg;-11.95199;1;0;5.017464;122.7258;102.2029;0.881336;22.23232;359.4843
G:\RoboND\IMG\robocam_2018_07_23_18_58_58_909.jpg;-14.95682;1;0;5.015797;123.0061;102.3106;0.8311591;20.26894;359.4431
G:\RoboND\IMG\robocam_2018_07_23_18_58_58_975.jpg;-15;1;0;4.992351;123.2855;102.4069;0.6394878;17.95177;359.3021
G:\RoboND\IMG\robocam_2018_07_23_18_58_59_042.jpg;-15;1;0;5.007062;123.6618;102.5197;0.2375088;15.05244;358.9784
G:\RoboND\IMG\robocam_2018_07_23_18_58_59_111.jpg;-15;1;0;5.008025;123.9462;102.5933;359.8985;12.95641;358.7124
G:\RoboND\IMG\robocam_2018_07_23_18_58_59_179.jpg;-13.46489;1;0;5.001563;124.3337;102.6842;359.8341;10.62966;358.6241
G:\RoboND\IMG\robocam_2018_07_23_18_58_59_244.jpg;-10.50655;1;0;5.001489;124.6299;102.7457;0.008255511;9.151192;358.7419
G:\RoboND\IMG\robocam_2018_07_23_18_58_59_309.jpg;-7.59016;1;0;5.043795;124.9279;102.7975;0.1100792;7.57412;358.9008
G:\RoboND\IMG\robocam_2018_07_23_18_58_59_375.jpg;-4.557399;1;0;5.014627;125.2255;102.8392;0.1129174;6.240181;358.9853
G:\RoboND\IMG\robocam_2018_07_23_18_58_59_442.jpg;-1.588727;1;0;5.011292;125.6232;102.8837;0.09270518;5.257637;358.9621
G:\RoboND\IMG\robocam_2018_07_23_18_58_59_511.jpg;0;1;0;5.011716;125.9218;102.9138;0.06287367;4.956177;358.9655
G:\RoboND\IMG\robocam_2018_07_23_18_58_59_578.jpg;0;1;0;5.011624;126.3208;102.9511;0.05224071;4.8274;358.9987
G:\RoboND\IMG\robocam_2018_07_23_18_58_59_646.jpg;0;1;0;5.012063;126.621;102.9777;0.09267437;4.800453;359.0396
G:\RoboND\IMG\robocam_2018_07_23_18_58_59_712.jpg;0;1;0;5.017736;126.9223;103.0038;0.1921549;4.795532;359.09
G:\RoboND\IMG\robocam_2018_07_23_18_58_59_779.jpg;0;1;0;5.005551;127.3249;103.0387;0.3704524;4.798149;359.2101
G:\RoboND\IMG\robocam_2018_07_23_18_58_59_845.jpg;0;1;0;5.017418;127.6273;103.0648;0.5305107;4.800377;359.3294
G:\RoboND\IMG\robocam_2018_07_23_18_58_59_912.jpg;0;1;0;5.016554;127.9296;103.091;0.6924953;4.814392;359.4753
G:\RoboND\IMG\robocam_2018_07_23_18_58_59_978.jpg;0;1;0;5.008733;128.3335;103.1259;0.9456886;4.842789;359.6739
G:\RoboND\IMG\robocam_2018_07_23_18_59_00_044.jpg;0;1;0;5.014151;128.6369;103.1523;1.157541;4.868645;359.8261
G:\RoboND\IMG\robocam_2018_07_23_18_59_00_111.jpg;0;1;0;5.025732;128.9398;103.1792;1.361565;4.929672;359.9883
G:\RoboND\IMG\robocam_2018_07_23_18_59_00_179.jpg;0;1;0;5.014721;129.343;103.2116;1.555724;4.89006;-0.003823701
G:\RoboND\IMG\robocam_2018_07_23_18_59_00_243.jpg;0;1;0;5.008829;129.6404;103.2356;1.444208;4.862587;-0.0009379549
G:\RoboND\IMG\robocam_2018_07_23_18_59_00_311.jpg;0;1;0;5.008832;129.939;103.2595;1.391558;4.828659;-0.001397346
G:\RoboND\IMG\robocam_2018_07_23_18_59_00_378.jpg;0;1;0;5.01253;130.3383;103.2914;1.352695;4.785248;-0.001440077
G:\RoboND\IMG\robocam_2018_07_23_18_59_00_444.jpg;0;1;0;5.009837;130.638;103.3153;1.346056;4.735786;-0.00084659
G:\RoboND\IMG\robocam_2018_07_23_18_59_00_511.jpg;0;1;0;5.00279;130.9385;103.339;1.362503;4.776985;-0.003600687
G:\RoboND\IMG\robocam_2018_07_23_18_59_00_578.jpg;0;1;0;5.013676;131.3384;103.3701;1.387152;4.552765;-0.001473938
G:\RoboND\IMG\robocam_2018_07_23_18_59_00_645.jpg;0;1;0;5.016988;131.6393;103.3931;1.429795;4.557678;-0.002703195
G:\RoboND\IMG\robocam_2018_07_23_18_59_00_711.jpg;0;1;0;5.016016;131.9398;103.4157;1.468911;4.451851;-0.001785187
G:\RoboND\IMG\robocam_2018_07_23_18_59_00_778.jpg;-1.528265;1;0;5.016305;132.3407;103.445;1.511442;4.361923;-0.001592468
G:\RoboND\IMG\robocam_2018_07_23_18_59_00_844.jpg;-4.502145;1;0;5.01045;132.6407;103.4649;1.500461;3.83873;0.004974883
G:\RoboND\IMG\robocam_2018_07_23_18_59_00_911.jpg;-7.50424;1;0;4.993115;132.9407;103.4816;1.484865;2.983223;0.0010261
G:\RoboND\IMG\robocam_2018_07_23_18_59_00_978.jpg;-10.49705;1;0;5.001928;133.3407;103.4957;1.458438;1.48568;359.9318
G:\RoboND\IMG\robocam_2018_07_23_18_59_01_044.jpg;-13.52635;1;0;5.010482;133.6391;103.4988;1.308174;359.8212;359.8503
G:\RoboND\IMG\robocam_2018_07_23_18_59_01_110.jpg;-15;1;0;4.990978;133.9342;103.4914;1.056335;358.0536;359.6217
G:\RoboND\IMG\robocam_2018_07_23_18_59_01_179.jpg;-15;1;0;5.021178;134.326;103.4684;0.5965526;355.2035;359.2518
G:\RoboND\IMG\robocam_2018_07_23_18_59_01_244.jpg;-11.95375;1;0;5.007399;134.6171;103.441;0.1598915;353.1806;358.9254
G:\RoboND\IMG\robocam_2018_07_23_18_59_01_309.jpg;-8.963367;1;0;5.008986;134.9088;103.4066;359.8223;351.6338;358.6323
G:\RoboND\IMG\robocam_2018_07_23_18_59_01_379.jpg;-5.896135;1;0;5.002196;135.3049;103.3573;359.789;350.3495;358.7057
G:\RoboND\IMG\robocam_2018_07_23_18_59_01_446.jpg;-2.896885;1;0;5.020277;135.6065;103.3129;0.01442733;349.6854;358.9044
G:\RoboND\IMG\robocam_2018_07_23_18_59_01_511.jpg;-5.909948;1;0;5.011962;135.9052;103.26;0.1761217;348.96;358.9951
G:\RoboND\IMG\robocam_2018_07_23_18_59_01_578.jpg;-8.900949;1;0;5.011255;136.2997;103.179;0.2967256;347.6057;359.028
G:\RoboND\IMG\robocam_2018_07_23_18_59_01_644.jpg;-11.87849;1;0;5.004465;136.5913;103.1111;0.2642396;346.1438;359.0314
G:\RoboND\IMG\robocam_2018_07_23_18_59_01_711.jpg;-14.88277;1;0;4.999837;136.8795;103.0339;0.1612938;344.2927;358.942
G:\RoboND\IMG\robocam_2018_07_23_18_59_01_777.jpg;-15;1;0;5.009162;137.258;102.9182;359.9356;341.6901;358.7693
G:\RoboND\IMG\robocam_2018_07_23_18_59_01_844.jpg;-15;1;0;5.003024;137.5426;102.8225;359.9714;339.9532;358.7137
G:\RoboND\IMG\robocam_2018_07_23_18_59_01_911.jpg;-15;1;0;5.003887;137.8246;102.7189;0.007519932;338.1149;358.7401
G:\RoboND\IMG\robocam_2018_07_23_18_59_01_978.jpg;-15;1;0;5.002229;138.1953;102.5681;0.02187427;335.5897;358.887
G:\RoboND\IMG\robocam_2018_07_23_18_59_02_045.jpg;-15;1;0;5.008744;138.4661;102.4406;-0.00230791;333.5402;358.8202
G:\RoboND\IMG\robocam_2018_07_23_18_59_02_111.jpg;-15;1;0;5.003221;138.7341;102.3057;0.01393279;331.5951;358.8178
G:\RoboND\IMG\robocam_2018_07_23_18_59_02_178.jpg;-13.49142;1;0;5.010784;139.0839;102.1123;0.01319283;328.9632;358.8427
G:\RoboND\IMG\robocam_2018_07_23_18_59_02_244.jpg;-10.52765;1;0;5.009728;139.3407;101.9574;0.01068909;327.2453;358.8465
G:\RoboND\IMG\robocam_2018_07_23_18_59_02_310.jpg;-7.575103;1;0;5.01103;139.5935;101.7955;0.008217251;325.8449;358.8571
G:\RoboND\IMG\robocam_2018_07_23_18_59_02_375.jpg;-4.579978;1;0;5.011172;139.8428;101.6281;0.009538199;324.7984;358.8819
G:\RoboND\IMG\robocam_2018_07_23_18_59_02_443.jpg;-4.623461;1;0;5.012455;140.1706;101.3979;0.005443394;323.865;358.9165
G:\RoboND\IMG\robocam_2018_07_23_18_59_02_511.jpg;-1.595323;1;0;5.011465;140.4138;101.2211;0.01427486;323.3462;358.9336
G:\RoboND\IMG\robocam_2018_07_23_18_59_02_577.jpg;0;1;0;5.012096;140.7371;100.9829;0.05557977;323.0612;359.0049
G:\RoboND\IMG\robocam_2018_07_23_18_59_02_644.jpg;-1.513083;1;0;5.011515;140.9789;100.8021;0.1311634;322.9442;359.0549
G:\RoboND\IMG\robocam_2018_07_23_18_59_02_711.jpg;-4.506074;1;0;5.011579;141.2197;100.6194;0.2243487;322.6567;359.1034
G:\RoboND\IMG\robocam_2018_07_23_18_59_02_777.jpg;-7.499191;1;0;5.01142;141.5372;100.3716;0.3419408;321.7676;359.1386
G:\RoboND\IMG\robocam_2018_07_23_18_59_02_845.jpg;-10.51588;1;0;5.019035;141.7709;100.1806;0.4209732;320.6122;359.0971
G:\RoboND\IMG\robocam_2018_07_23_18_59_02_911.jpg;-7.519315;1;0;5.011258;142.0004;99.98872;0.3644485;319.331;359.1254
G:\RoboND\IMG\robocam_2018_07_23_18_59_02_977.jpg;-4.464171;0.8965382;0;4.994675;142.3005;99.72635;0.2551927;317.9316;359.1035
G:\RoboND\IMG\robocam_2018_07_23_18_59_03_044.jpg;-1.486326;0.6980152;0;5.008981;142.5224;99.52645;0.1612997;317.3437;359.0559
G:\RoboND\IMG\robocam_2018_07_23_18_59_03_111.jpg;0;0.5010388;0;5.004657;142.7431;99.32497;0.0799431;317.0979;359.0038
G:\RoboND\IMG\robocam_2018_07_23_18_59_03_179.jpg;0;0;0.09893915;4.993223;143.0348;99.05633;359.946;316.9985;358.9615
G:\RoboND\IMG\robocam_2018_07_23_18_59_03_243.jpg;0;0;0.2959878;4.957837;143.2508;98.8573;359.8105;316.9731;358.9985
G:\RoboND\IMG\robocam_2018_07_23_18_59_03_309.jpg;0;0;0.4932913;4.881572;143.4632;98.66285;359.6425;316.973;359.1632
G:\RoboND\IMG\robocam_2018_07_23_18_59_03_375.jpg;0;0;0.6921769;4.720365;143.6689;98.47457;359.3795;317.0045;359.4222
G:\RoboND\IMG\robocam_2018_07_23_18_59_03_442.jpg;0;0;0.8926448;4.572806;143.9293;98.23701;358.8076;317.1169;359.9239
G:\RoboND\IMG\robocam_2018_07_23_18_59_03_509.jpg;0;0;1;4.394316;144.1151;98.06354;358.414;317.2512;0.1802866
G:\RoboND\IMG\robocam_2018_07_23_18_59_03_577.jpg;0;0;1;4.228052;144.3556;97.83345;358.1776;317.0152;0.1881678
G:\RoboND\IMG\robocam_2018_07_23_18_59_03_644.jpg;0;0;1;4.10667;144.5308;97.6618;358.2344;316.5305;359.9546
G:\RoboND\IMG\robocam_2018_07_23_18_59_03_713.jpg;0;0;1;3.95035;144.7061;97.49574;358.4964;316.1908;359.9771
G:\RoboND\IMG\robocam_2018_07_23_18_59_03_778.jpg;0;0;1;3.831027;144.9317;97.28134;358.9964;316.3284;0.09660707
G:\RoboND\IMG\robocam_2018_07_23_18_59_03_844.jpg;0;0;1;3.587067;145.0812;97.13722;358.8876;316.4893;0.06610029
G:\RoboND\IMG\robocam_2018_07_23_18_59_03_911.jpg;0;0;1;3.295235;145.2194;97.00455;358.563;316.5532;359.9941
G:\RoboND\IMG\robocam_2018_07_23_18_59_03_978.jpg;0;0;1;3.141003;145.3971;96.83747;358.2455;316.6583;0.01300261
G:\RoboND\IMG\robocam_2018_07_23_18_59_04_044.jpg;0;0;1;3.022093;145.5268;96.71436;358.252;316.7482;359.9862
G:\RoboND\IMG\robocam_2018_07_23_18_59_04_110.jpg;0;0;1;2.85742;145.6545;96.5947;358.4506;316.786;0.006311694
G:\RoboND\IMG\robocam_2018_07_23_18_59_04_181.jpg;0;0;1;2.693761;145.8144;96.44391;358.7468;316.8035;-0.003131056
G:\RoboND\IMG\robocam_2018_07_23_18_59_04_243.jpg;0;0;1;2.489636;145.9206;96.34379;358.7374;316.8074;-0.002372092
G:\RoboND\IMG\robocam_2018_07_23_18_59_04_309.jpg;0;0;1;2.328396;146.0184;96.25173;358.634;316.818;-0.002361836
G:\RoboND\IMG\robocam_2018_07_23_18_59_04_378.jpg;0;0;1;2.14233;146.1431;96.13428;358.7405;316.7731;-0.004469464
G:\RoboND\IMG\robocam_2018_07_23_18_59_04_444.jpg;0;0;1;1.965132;146.2262;96.05589;358.7245;316.7541;-0.003809788
G:\RoboND\IMG\robocam_2018_07_23_18_59_04_511.jpg;0;0;1;1.72203;146.3006;95.98576;358.608;316.7495;-0.0002988022
G:\RoboND\IMG\robocam_2018_07_23_18_59_04_577.jpg;0;0;1;1.613522;146.387;95.90505;358.3831;317.5541;359.9655
G:\RoboND\IMG\robocam_2018_07_23_18_59_04_644.jpg;0;0;1;1.3227;146.4242;95.86491;357.2754;318.4686;359.5282
G:\RoboND\IMG\robocam_2018_07_23_18_59_04_710.jpg;0;0;1;1.038066;146.4471;95.839;355.7225;318.9177;359.0753
G:\RoboND\IMG\robocam_2018_07_23_18_59_04_777.jpg;0;0;1;0.7317632;146.4528;95.83558;353.3803;319.4016;359.1337
G:\RoboND\IMG\robocam_2018_07_23_18_59_04_844.jpg;0;0;1;0.3873711;146.4527;95.83669;352.1404;319.5401;359.6358
